{
  "device": "cuda",
  "utterances": 31046,
  "windows": 120734,
  "steps": 15523,
  "total_loss": 6534.490308929235,
  "full_recon_loss": 167.97222636097285,
  "pos_recon_loss": 242.20985760024632,
  "vel_recon_loss": 93.73459511316105,
  "word_bce": 6365.800614228472,
  "latent_smooth_loss": 62.83551644882755,
  "latent_reg_loss": 8.911291210791017,
  "avg_total_loss": 0.42095537646906106,
  "avg_full_recon_loss": 0.01082086106815518,
  "avg_pos_recon_loss": 0.015603289158039445,
  "avg_vel_recon_loss": 0.006038432977720869,
  "avg_word_bce": 0.41008829570498434,
  "avg_latent_smooth_loss": 0.004047897729100532,
  "avg_latent_reg_loss": 0.0005740701675443547,
  "checkpoint": "/checkpoints/motion_conformer_phase1_words_full/phase1_words.pt",
  "word_vocab": "/checkpoints/motion_conformer_phase1_words_full/word_vocab.json",
  "config": {
    "landmarks_repo": "bdanko/how2sign-landmarks-front-raw-parquet",
    "split": "train",
    "max_samples": null,
    "window_size": 60,
    "stride": 30,
    "max_windows_per_utterance": 12,
    "batch_size": 2,
    "top_k_words": 512,
    "min_word_len": 3,
    "pos_weight_clip": 20.0,
    "lr": 0.0001,
    "epochs": 1,
    "reconstruction_weight": 1.0,
    "word_weight": 1.0,
    "latent_smooth_weight": 0.01,
    "latent_reg_weight": 0.01,
    "grad_clip": 1.0,
    "ckpt_dir": "/checkpoints/motion_conformer_phase1_words_full",
    "seed": 15179996
  }
}