{
  "device": "cuda",
  "split": "validation",
  "checkpoint": "/checkpoints/motion_conformer_phase1_words_full/phase1_words.pt",
  "vocab_size": 512,
  "utterances": 1739,
  "windows": 6607,
  "steps": 435,
  "val/full_recon_loss": 0.011041834915121054,
  "val/pos_recon_loss": 0.0164953185598655,
  "val/vel_recon_loss": 0.005588351245153288,
  "val/latent_smooth_loss": 0.001887869599677392,
  "val/latent_reg_loss": 0.00018696602925757916,
  "val/word_bce": 0.39826407971224564,
  "val/micro_precision@0.5": 0.08258744714732853,
  "val/micro_recall@0.5": 0.19665271966527198,
  "val/micro_f1@0.5": 0.11632313701225878,
  "val/precision@5": 0.08671650373778061,
  "val/recall@5": 0.09903713711598576,
  "val/hit@5": 0.308223116733755,
  "baseline/micro_precision@0.5": 0.009371608254425151,
  "baseline/micro_recall@0.5": 0.5159518828451883,
  "baseline/micro_f1@0.5": 0.018408843335891413,
  "baseline/precision@5": 0.004255319148936173,
  "baseline/recall@5": 0.005343779279949493,
  "baseline/hit@5": 0.02127659574468085,
  "unique_predicted_word_sets": 19,
  "baseline_unique_predicted_word_sets": 248,
  "beats_untrained_baseline": true,
  "predictions_vary": true,
  "config": {
    "landmarks_repo": "bdanko/how2sign-landmarks-front-raw-parquet",
    "split": "validation",
    "max_samples": null,
    "batch_size": 4,
    "window_size": 60,
    "stride": 30,
    "max_windows_per_utterance": 12,
    "checkpoint_path": "/checkpoints/motion_conformer_phase1_words_full/phase1_words.pt",
    "vocab_path": "/checkpoints/motion_conformer_phase1_words_full/word_vocab.json",
    "output_dir": "/checkpoints/motion_conformer_phase1_words_full/eval_validation",
    "seed": 15179996
  }
}